GEOID,NAME,total_pop,black_pop,pct_black,median_income,poverty_rate,low_income,nearest_store_km,store_count_5km,service_area_pct,beauty_access_score,underserved_index,hotspot_flag,hotspot_cluster
10001040204,Census Tract 402.04; Kent County; Delaware,6265,1910,30.486831604150037,97773.0,8.178500331785003,False,13.042377161065044,0,0.0,0.0,0.3039,False,-1
10001040206,Census Tract 402.06; Kent County; Delaware,7807,2909,37.26143204816191,100580.0,1.1014948859166012,False,10.116594012054133,0,0.0,0.0,0.2949,False,-1
10001042203,Census Tract 422.03; Kent County; Delaware,6184,1599,25.857050452781372,87778.0,3.969440292310247,False,10.750405948093947,0,0.0,0.0,0.2598,False,-1
10001042204,Census Tract 422.04; Kent County; Delaware,4416,441,9.986413043478262,108000.0,4.008152173913043,False,12.124594509897339,0,0.0,0.0,0.1971,False,-1
10001042205,Census Tract 422.05; Kent County; Delaware,2739,802,29.28075940124133,55163.0,23.767798466593646,False,13.749724700031988,0,0.0,0.0,0.3628,False,-1
10001042802,Census Tract 428.02; Kent County; Delaware,5746,792,13.783501566306997,77851.0,11.085972850678733,False,21.461677938168766,0,0.0,0.0,0.2725,False,-1
10001042207,Census Tract 422.07; Kent County; Delaware,2606,163,6.254796623177283,101250.0,4.078491727587533,False,13.815470596390304,0,0.0,0.0,0.1871,False,-1
10001041803,Census Tract 418.03; Kent County; Delaware,4288,1349,31.45988805970149,56431.0,28.987873134328357,False,5.969323007588118,0,21.50031359179689,0.0,0.3667,True,0
10001040205,Census Tract 402.05; Kent County; Delaware,4857,1578,32.489190858554664,61992.0,10.08853201564752,False,11.63272894529881,0,0.0,0.0,0.3152,False,-1
10001042206,Census Tract 422.06; Kent County; Delaware,2600,627,24.115384615384617,85625.0,7.961538461538462,False,16.880300120915145,0,0.0,0.0,0.2888,False,-1
10001041804,Census Tract 418.04; Kent County; Delaware,5657,1428,25.24306169347711,81328.0,10.83613222556125,False,6.713568209051258,0,21.431506546932923,0.0,0.2709,False,-1
10001042208,Census Tract 422.08; Kent County; Delaware,4028,961,23.857994041708043,73750.0,12.313803376365442,False,16.76735517107028,0,0.0,0.0,0.3045,False,-1
10001042801,Census Tract 428.01; Kent County; Delaware,1913,113,5.906952430737062,60000.0,7.1154898741105645,False,24.927633777475386,0,0.0,0.0,0.2349,False,-1
10001041101,Census Tract 411.01; Kent County; Delaware,3262,437,13.396689147762109,67174.0,3.290903446134741,False,8.650027334940793,0,0.0,0.0,0.1971,False,-1
10001980000,Census Tract 9800; Kent County; Delaware,64,13,20.3125,,,False,9.191737884876265,0,0.0,0.0,0.2153,False,-1
10001040502,Census Tract 405.02; Kent County; Delaware,2647,746,28.182848507744616,62917.0,12.80695126558368,False,3.6395372672934116,1,63.42843923569136,0.3777861730260672,0.2692,False,-1
10001043202,Census Tract 432.02; Kent County; Delaware,3748,310,8.271077908217716,56098.0,16.42031711905402,False,9.9851375208622,0,1.126536472668161,0.0,0.2317,False,-1
10001040501,Census Tract 405.01; Kent County; Delaware,4777,1574,32.94954992673226,60833.0,16.27956081081081,False,1.8193027501863335,1,88.31510894794057,0.20933640360058617,0.3024,False,-1
10001990000,Census Tract 9900; Kent County; Delaware,0,0,0.0,,,False,20.858876742674624,0,0.0,0.0,0.168,False,-1
10001043400,Census Tract 434; Kent County; Delaware,5424,876,16.150442477876105,75426.0,5.435801312089971,False,24.716176749525182,0,0.0,0.0,0.2711,False,-1
10001043300,Census Tract 433; Kent County; Delaware,6276,3688,58.76354365838113,48373.0,25.67484662576687,False,1.288161237629805,1,99.99999999999996,0.15933715742511154,0.4491,True,0
10005051201,Census Tract 512.01; Sussex County; Delaware,1329,18,1.3544018058690745,91500.0,7.552870090634441,False,15.542710017509867,0,0.0,0.0,0.1858,False,-1
10005050501,Census Tract 505.01; Sussex County; Delaware,4447,294,6.611198560827525,80515.0,11.95182912974324,False,13.142898295531623,0,0.0,0.0,0.2176,False,-1
10005051302,Census Tract 513.02; Sussex County; Delaware,5203,356,6.842206419373438,88255.0,6.457208943716268,False,22.846470490198108,0,0.0,0.0,0.2293,False,-1
10005050403,Census Tract 504.03; Sussex County; Delaware,3275,729,22.259541984732824,62571.0,14.198473282442748,False,5.583346251394879,0,31.214472066195352,0.0,0.2677,False,-1
10005050601,Census Tract 506.01; Sussex County; Delaware,5359,386,7.20283635006531,78091.0,10.472589792060491,False,20.192972365391753,0,0.0,0.0,0.2379,False,-1
10005050801,Census Tract 508.01; Sussex County; Delaware,4022,348,8.652411735454997,74167.0,9.18824701195219,False,16.552276333164272,0,0.0,0.0,0.2267,False,-1
10005050401,Census Tract 504.01; Sussex County; Delaware,3656,396,10.831509846827133,64909.0,13.429978118161925,False,7.305160607897819,0,6.134972013613899,0.0,0.2218,False,-1
10005050101,Census Tract 501.01; Sussex County; Delaware,4076,159,3.900883218842002,80203.0,4.654654654654655,False,24.69876063379134,0,0.0,0.0,0.2159,False,-1
10005051702,Census Tract 517.02; Sussex County; Delaware,6107,559,9.153430489602096,64091.0,17.431192660550458,False,22.17047942662426,0,0.0,0.0,0.2803,False,-1
10005051900,Census Tract 519; Sussex County; Delaware,4583,655,14.291948505345845,54469.0,9.641505232687598,False,19.28507665188645,0,0.0,0.0,0.2617,False,-1
10005050200,Census Tract 502; Sussex County; Delaware,4051,845,20.859047148852135,64292.0,14.58603685439917,False,21.03431558463973,0,0.0,0.0,0.3151,False,-1
10005051400,Census Tract 514; Sussex County; Delaware,3500,222,6.342857142857143,82083.0,5.458702486424693,False,29.743138935277155,0,0.0,0.0,0.2463,False,-1
10005050302,Census Tract 503.02; Sussex County; Delaware,5470,1069,19.542961608775137,59074.0,18.477863154043174,False,14.086599738580793,0,0.0,0.0,0.3016,False,-1
10005050701,Census Tract 507.01; Sussex County; Delaware,4549,509,11.18927236755331,73429.0,10.887096774193548,False,14.473968138970655,0,0.0,0.0,0.2373,False,-1
10005051701,Census Tract 517.01; Sussex County; Delaware,4383,251,5.726671229751312,72208.0,6.764168190127971,False,14.977980318586916,0,0.0,0.0,0.1994,False,-1
10005051802,Census Tract 518.02; Sussex County; Delaware,4393,1570,35.73867516503528,58695.0,24.971310534771632,False,13.705288357417098,0,0.0,0.0,0.3949,False,-1
10005051801,Census Tract 518.01; Sussex County; Delaware,5581,1155,20.695215911127036,42647.0,27.585588815199856,False,12.062517268083267,0,0.0,0.0,0.3358,False,-1
10003010800,Census Tract 108; New Castle County; Delaware,4880,555,11.37295081967213,91271.0,7.725321888412018,False,1.5653838419523751,3,100.0,0.6147540983606558,0.1633,False,-1
10005050408,Census Tract 504.08; Sussex County; Delaware,4388,1071,24.40747493163172,59891.0,13.650865998176846,False,6.77477044098096,0,18.311977409874274,0.0,0.2787,False,-1
10003001400,Census Tract 14; New Castle County; Delaware,2195,747,34.03189066059225,57964.0,37.067705796395515,False,4.070092739107146,1,100.0,0.4555808656036447,0.3892,True,1
10003012200,Census Tract 122; New Castle County; Delaware,4654,1071,23.01246239793726,57981.0,10.157769613140264,False,4.9908237087931955,1,45.74940094244283,0.21486892995272883,0.2463,False,-1
10005051102,Census Tract 511.02; Sussex County; Delaware,1040,3,0.2884615384615385,112500.0,5.769230769230769,False,2.9259946411332076,2,100.0,1.9230769230769231,0.0725,False,-1
10003002200,Census Tract 22; New Castle County; Delaware,3419,1043,30.50599590523545,39768.0,38.634266379575514,True,4.138432694690608,1,100.0,0.2924831822170225,0.5356,True,1
10003013612,Census Tract 136.12; New Castle County; Delaware,5541,323,5.829272694459483,155000.0,0.935103796521414,False,4.711200426053855,1,60.17436568407016,0.18047283883775492,0.1368,False,-1
10003011000,Census Tract 110; New Castle County; Delaware,3413,415,12.15939056548491,123867.0,2.138880750073249,False,3.194611377221104,1,100.0,0.2929973630237328,0.1599,False,-1
10003016901,Census Tract 169.01; New Castle County; Delaware,2278,46,2.019315188762072,91750.0,8.289241622574956,False,19.472584006588843,0,0.0,0.0,0.2047,False,-1
10003014706,Census Tract 147.06; New Castle County; Delaware,3037,1374,45.24201514652618,93203.0,10.723771580345286,False,4.3852484360443,1,87.35938248882731,0.3292723081988804,0.3375,True,1
10003014904,Census Tract 149.04; New Castle County; Delaware,5691,1440,25.30311017395888,82967.0,7.034997335228282,False,2.4577162373535675,6,100.0,1.0542962572482868,0.2092,False,-1
10003011800,Census Tract 118; New Castle County; Delaware,4298,85,1.9776640297812935,128343.0,6.136844580296262,False,5.4538152776322795,0,40.50801497001148,0.0,0.1491,False,-1
10003013501,Census Tract 135.01; New Castle County; Delaware,6952,154,2.2151898734177213,143199.0,2.217125382262997,False,5.862893589845371,0,34.032433757159595,0.0,0.1359,False,-1
10003013604,Census Tract 136.04; New Castle County; Delaware,4135,295,7.134220072551391,109625.0,1.9775390625,False,2.500301639499491,1,100.0,0.2418379685610641,0.1372,False,-1
10003000900,Census Tract 9; New Castle County; Delaware,2397,1909,79.64121818940342,43269.0,26.591289782244555,False,2.609476054258604,1,100.0,0.4171881518564873,0.538,True,1
10003000200,Census Tract 2; New Castle County; Delaware,4738,3086,65.1329674968341,65234.0,5.297593921485859,False,0.6485602035056509,1,99.9999999999999,0.21105951878429716,0.3918,True,1
10003000500,Census Tract 5; New Castle County; Delaware,3605,2906,80.61026352288488,78867.0,19.500693481276006,False,1.8673391894072666,1,99.99999999999997,0.27739251040221913,0.5159,True,1
10003000601,Census Tract 6.01; New Castle County; Delaware,2892,2719,94.0179806362379,50962.0,41.21522693997072,False,1.29838845861163,1,100.0,0.3457814661134163,0.6549,True,1
10003000602,Census Tract 6.02; New Castle County; Delaware,2461,1979,80.41446566436407,32163.0,14.709467696058512,True,1.973860598915739,1,100.0,0.4063388866314506,0.6425,True,1
10003001100,Census Tract 11; New Castle County; Delaware,3415,616,18.03806734992679,61844.0,22.483423749246533,False,3.2105473766772916,1,99.99999999999996,0.29282576866764276,0.2655,False,-1
10003001300,Census Tract 13; New Castle County; Delaware,3618,40,1.105583195135434,141563.0,2.957435046987286,False,4.144583708340068,1,99.57993114533765,0.27639579878385845,0.1198,False,-1
10003001500,Census Tract 15; New Castle County; Delaware,2393,1501,62.72461345591308,60185.0,25.82532386126201,False,3.6322325852420336,1,99.99999999999999,0.41788549937317176,0.4664,True,1
10003001600,Census Tract 16; New Castle County; Delaware,2734,1986,72.64081931236284,47792.0,34.61962513781698,False,3.3993024163613774,1,99.99999999999994,0.365764447695684,0.5443,True,1
10003002300,Census Tract 23; New Castle County; Delaware,2153,1320,61.30980027868092,46806.0,32.572227399813606,False,4.50676242384638,1,99.99999999999991,0.46446818392940087,0.4886,True,1
10003002400,Census Tract 24; New Castle County; Delaware,4225,1664,39.38461538461539,38184.0,22.268700787401574,True,5.225286047134339,0,23.624642633038366,0.0,0.5213,True,1
10003000400,Census Tract 4; New Castle County; Delaware,2953,1206,40.839823907890285,35250.0,22.547683923705723,True,2.346202128609741,1,100.0,0.3386386725364037,0.5085,True,1
10003002600,Census Tract 26; New Castle County; Delaware,4004,2007,50.124875124875125,36739.0,27.943444730077122,True,4.667307680344206,1,84.32141483839305,0.24975024975024976,0.5799,True,1
10003002700,Census Tract 27; New Castle County; Delaware,2943,1502,51.036357458375804,69126.0,21.7804960924227,False,4.818336145801922,1,56.570261728398584,0.3397893306150187,0.4071,True,1
10003010200,Census Tract 102; New Castle County; Delaware,2113,530,25.08282063416943,103542.0,0.7572172266919073,False,6.667896219265846,0,0.0,0.0,0.2302,False,-1
10003012900,Census Tract 129; New Castle County; Delaware,4692,1537,32.75788576300086,57335.0,19.69989281886388,False,6.10229421838611,0,14.381684359898436,0.0,0.3359,True,1
10003016401,Census Tract 164.01; New Castle County; Delaware,6863,2207,32.15794841905872,126078.0,11.02489019033675,False,11.943027879338429,0,0.0,0.0,0.3186,False,-1
10003001200,Census Tract 12; New Castle County; Delaware,1850,135,7.297297297297297,82428.0,1.4908256880733946,False,3.6400832379403907,1,100.0,0.5405405405405406,0.1305,False,-1
10003010400,Census Tract 104; New Castle County; Delaware,4843,841,17.365269461077844,89781.0,4.953367875647668,False,4.8667879041517415,1,56.157469137112,0.20648358455502788,0.2015,False,-1
10003010900,Census Tract 109; New Castle County; Delaware,2605,204,7.8310940499040305,106154.0,6.525911708253358,False,2.8992980398985893,6,100.0,2.3032629558541267,0.0957,False,-1
10003011100,Census Tract 111; New Castle County; Delaware,2809,72,2.5631897472410112,111136.0,6.229860365198711,False,4.99291936294309,2,59.84780908930788,0.711997152011392,0.1284,False,-1
10003013800,Census Tract 138; New Castle County; Delaware,6280,412,6.560509554140127,85639.0,4.445897352075842,False,0.8339522103207749,7,100.0,1.1146496815286624,0.1119,False,-1
10003015000,Census Tract 150; New Castle County; Delaware,5628,1362,24.20042643923241,77974.0,13.873038516405137,False,2.8986247902674376,6,99.87542303267203,1.0660980810234542,0.2327,False,-1
10005051101,Census Tract 511.01; Sussex County; Delaware,971,1,0.10298661174047373,152414.0,1.0416666666666665,False,2.967267374374603,2,100.0,2.059732234809475,0.0489,False,-1
10003013610,Census Tract 136.10; New Castle County; Delaware,5063,240,4.740272565672527,109675.0,4.893274265002014,False,3.524966559068595,1,78.33141296025325,0.19751135690302193,0.1433,False,-1
10003011900,Census Tract 119; New Castle County; Delaware,3118,121,3.8806927517639513,231542.0,12.700449005772931,False,6.111956579313402,0,9.861150209886912,0.0,0.1854,False,-1
10003013613,Census Tract 136.13; New Castle County; Delaware,5855,130,2.220324508966695,128871.0,4.05261286882332,False,2.8131420138120093,1,99.99999999999997,0.1707941929974381,0.1277,False,-1
10003014705,Census Tract 147.05; New Castle County; Delaware,5216,208,3.9877300613496933,70703.0,11.604890355132932,False,3.014898086779553,1,100.0,0.19171779141104295,0.1652,False,-1
10003013700,Census Tract 137; New Castle County; Delaware,4165,949,22.785114045618247,76707.0,13.517406962785113,False,3.165625075490112,1,100.0,0.24009603841536617,0.2517,False,-1
10003014502,Census Tract 145.02; New Castle County; Delaware,6842,271,3.960830166617948,26284.0,63.15179606025493,True,1.4016426198499243,1,100.0,0.14615609470914936,0.5151,True,1
10003012400,Census Tract 124; New Castle County; Delaware,4059,654,16.112342941611235,69576.0,11.377097729516288,False,4.438316765376643,1,70.91045033086881,0.2463661000246366,0.2189,False,-1
10003015200,Census Tract 152; New Castle County; Delaware,6158,1465,23.790191620656056,76631.0,8.428981348637016,False,6.508378311204682,0,8.684630861291499,0.0,0.2545,False,-1
10003014404,Census Tract 144.04; New Castle County; Delaware,4259,243,5.705564686546138,84107.0,19.81685841746889,False,4.164404999527684,1,92.73401700314581,0.23479690068091102,0.2075,False,-1
10003012000,Census Tract 120; New Castle County; Delaware,4205,775,18.430439952437574,76250.0,8.023809523809524,False,2.53983464815319,1,99.99999999999993,0.23781212841854935,0.2094,False,-1
10003012700,Census Tract 127; New Castle County; Delaware,4274,468,10.949929808142256,51951.0,11.628451099672438,False,2.967903160208473,7,100.0,1.6378100140383716,0.15,False,-1
10003002500,Census Tract 25; New Castle County; Delaware,3174,818,25.771896660365467,66983.0,9.577819785759294,False,5.174654559977104,0,34.49988006209976,0.0,0.263,False,-1
10003011201,Census Tract 112.01; New Castle County; Delaware,2546,75,2.945797329143755,125948.0,5.203045685279188,False,0.5661204751150113,6,99.99999999999993,2.356637863315004,0.0602,False,-1
10003011202,Census Tract 112.02; New Castle County; Delaware,4046,299,7.390014829461196,96800.0,3.237765694513099,False,1.9357619140470224,6,99.99999999999997,1.4829461196243203,0.103,False,-1
10003011205,Census Tract 112.05; New Castle County; Delaware,2142,166,7.749766573295985,132917.0,6.349206349206349,False,2.49979123441091,6,100.0,2.8011204481792715,0.0779,False,-1
10003014402,Census Tract 144.02; New Castle County; Delaware,2875,144,5.008695652173913,77950.0,21.024921024921024,False,2.8607563859670875,1,99.99999999999997,0.3478260869565218,0.2015,False,-1
10003011700,Census Tract 117; New Castle County; Delaware,4338,79,1.8211157215306595,191667.0,4.3853510613482625,False,1.6696756746418644,6,99.88752156648262,1.3831258644536653,0.086,False,-1
10003014803,Census Tract 148.03; New Castle County; Delaware,3793,372,9.807540205641972,80100.0,9.43496801705757,False,4.789627506126641,1,59.2991971141281,0.2636435539151068,0.1851,False,-1
10003010300,Census Tract 103; New Castle County; Delaware,4155,1383,33.28519855595668,93295.0,11.985559566787003,False,6.358618937370774,0,0.0,0.0,0.3085,False,-1
10003011206,Census Tract 112.06; New Castle County; Delaware,4201,31,0.7379195429659604,126087.0,4.1505791505791505,False,1.7589669875699196,6,99.99999999999997,1.428231373482504,0.0794,False,-1
10003011300,Census Tract 113; New Castle County; Delaware,2251,103,4.575744113727232,119634.0,2.25123818099955,False,3.632144519313272,6,100.0,2.665482007996446,0.0562,False,-1
10003013611,Census Tract 136.11; New Castle County; Delaware,5979,1392,23.28148519819368,91312.0,8.482816429170159,False,4.744265246866664,1,70.44994736907049,0.16725204883759826,0.2415,False,-1
10003002900,Census Tract 29; New Castle County; Delaware,3542,3060,86.39186900056465,25302.0,37.666007346708106,True,3.2236915957149552,1,99.99999999999996,0.282326369282891,0.7668,True,1
10003002100,Census Tract 21; New Castle County; Delaware,1335,869,65.09363295880149,32789.0,36.40449438202247,True,3.8379013566113236,1,100.0,0.7490636704119851,0.6588,True,1
10003011204,Census Tract 112.04; New Castle County; Delaware,3391,211,6.2223532881156,98886.0,5.072250073724565,False,4.927341906439826,3,52.33324591747262,0.8846947803007962,0.1338,False,-1
10003013607,Census Tract 136.07; New Castle County; Delaware,5629,564,10.019541659264524,81967.0,7.158590308370044,False,4.160509826521937,1,84.16578600805232,0.17765144785930004,0.1775,False,-1
10003014903,Census Tract 149.03; New Castle County; Delaware,8288,2859,34.49565637065637,79003.0,16.952220077220076,False,5.998079071342289,0,2.5351898634811585,0.0,0.3321,True,1
10003980100,Census Tract 9801; New Castle County; Delaware,0,0,0.0,,,False,3.462117330208769,1,96.68715081598353,0.0,0.1097,False,-1
10003014909,Census Tract 149.09; New Castle County; Delaware,6481,3536,54.559481561487424,63947.0,8.3112427880867,False,2.5901007369392772,6,99.99999999999987,0.9257830581700355,0.3432,True,1
10003015502,Census Tract 155.02; New Castle County; Delaware,2449,1098,44.83462637811352,53100.0,22.82564311964067,False,6.624946790506507,0,0.5590830227577276,0.0,0.4014,True,1
10005050103,Census Tract 501.03; Sussex County; Delaware,5610,406,7.237076648841355,87154.0,7.985739750445633,False,23.661759949562203,0,0.0,0.0,0.2398,False,-1
10005050304,Census Tract 503.04; Sussex County; Delaware,4513,904,20.031021493463328,58056.0,16.256708407871198,False,10.709741702053087,0,2.9308980352828047,0.0,0.2836,False,-1
10005050710,Census Tract 507.10; Sussex County; Delaware,2269,105,4.627589246364037,58713.0,12.075804319083296,False,9.929766389619473,0,0.0,0.0,0.1989,False,-1
10005050303,Census Tract 503.03; Sussex County; Delaware,3099,353,11.39077121652146,62826.0,6.813693219223173,False,16.180584346373635,0,0.0,0.0,0.2277,False,-1
10005050711,Census Tract 507.11; Sussex County; Delaware,1097,22,2.0054694621695535,42153.0,9.753874202370099,False,9.659360659496853,0,0.0,0.0,0.1776,False,-1
10005051313,Census Tract 513.13; Sussex County; Delaware,2718,49,1.8027961736571008,84583.0,11.736393928174751,False,19.7083787775916,0,0.0,0.0,0.2183,False,-1
10005051314,Census Tract 513.14; Sussex County; Delaware,2679,17,0.6345651362448675,79594.0,4.927211646136618,False,23.771959757689253,0,0.0,0.0,0.1999,False,-1
10005051310,Census Tract 513.10; Sussex County; Delaware,2039,145,7.111329082883766,107000.0,3.482099068170672,False,25.994067195976363,0,0.0,0.0,0.2292,False,-1
10003015802,Census Tract 158.02; New Castle County; Delaware,2432,447,18.379934210526315,59890.0,5.139802631578947,False,8.92042046206363,0,0.0,0.0,0.2265,False,-1
10003014907,Census Tract 149.07; New Castle County; Delaware,4903,1382,28.186824393228637,69632.0,4.236594351207532,False,2.472707844195328,6,100.0,1.223740566999796,0.2052,False,-1
10003011203,Census Tract 112.03; New Castle County; Delaware,4740,1589,33.52320675105485,74216.0,10.569620253164556,False,5.155615310686961,0,46.540757533515205,0.0,0.2998,False,-1
10005050703,Census Tract 507.03; Sussex County; Delaware,1889,278,14.716781365802012,60357.0,13.08262711864407,False,16.620885426733842,0,0.0,0.0,0.2682,False,-1
10005051204,Census Tract 512.04; Sussex County; Delaware,633,0,0.0,107361.0,5.388272583201268,False,23.685112686645898,0,0.0,0.0,0.1988,False,-1
10005051202,Census Tract 512.02; Sussex County; Delaware,991,15,1.513622603430878,139375.0,3.6231884057971016,False,19.51968482542332,0,0.0,0.0,0.1843,False,-1
10005980000,Census Tract 9800; Sussex County; Delaware,0,0,0.0,,,False,5.668155506114779,0,41.536825756278425,0.0,0.1171,False,-1
10005051309,Census Tract 513.09; Sussex County; Delaware,1357,21,1.5475313190862197,58472.0,8.032424465733234,False,27.826127697259828,0,0.0,0.0,0.2297,False,-1
10005051312,Census Tract 513.12; Sussex County; Delaware,2047,0,0.0,76811.0,4.885197850512945,False,28.108118123456755,0,0.0,0.0,0.2116,False,-1
10005051311,Census Tract 513.11; Sussex County; Delaware,1717,15,0.8736167734420501,99922.0,6.75596971461852,False,29.26934789001714,0,0.0,0.0,0.2266,False,-1
10005051501,Census Tract 515.01; Sussex County; Delaware,2833,564,19.908224496999647,67917.0,12.848570420049418,False,22.720739340865176,0,0.0,0.0,0.3098,False,-1
10005050708,Census Tract 507.08; Sussex County; Delaware,3470,121,3.4870317002881848,74724.0,11.498559077809798,False,13.411055236609103,0,0.0,0.0,0.2034,False,-1
10005051307,Census Tract 513.07; Sussex County; Delaware,2957,0,0.0,97049.0,20.561379776800813,False,17.267025153686802,0,0.0,0.0,0.2373,False,-1
10005051308,Census Tract 513.08; Sussex County; Delaware,3680,78,2.119565217391304,84674.0,5.570652173913043,False,16.82354546187136,0,0.0,0.0,0.1855,False,-1
10005050905,Census Tract 509.05; Sussex County; Delaware,3783,0,0.0,84539.0,5.8947924927306365,False,9.515943820846697,0,6.772576909641693,0.0,0.1533,False,-1
10005050707,Census Tract 507.07; Sussex County; Delaware,2725,78,2.862385321100917,66094.0,6.605504587155964,False,11.775745990778365,0,0.0,0.0,0.1759,False,-1
10005050806,Census Tract 508.06; Sussex County; Delaware,4849,287,5.918746133223345,76168.0,11.54877294287482,False,10.7779659703726,0,0.0,0.0,0.2051,False,-1
10005051017,Census Tract 510.17; Sussex County; Delaware,3617,20,0.5529444290848771,111250.0,7.215924799557645,False,2.601683931065423,4,88.82986278536251,1.105888858169754,0.1035,False,-1
10005050904,Census Tract 509.04; Sussex County; Delaware,2296,38,1.6550522648083623,69542.0,14.70327723649247,False,2.8013452445485263,3,100.0,1.3066202090592336,0.1323,False,-1
10005051009,Census Tract 510.09; Sussex County; Delaware,2477,0,0.0,157279.0,2.5433992733144932,False,2.197468101588667,4,99.99999999999999,1.6148566814695196,0.0656,False,-1
10005051016,Census Tract 510.16; Sussex County; Delaware,2170,0,0.0,102404.0,8.709677419354838,False,2.6196640641820177,2,100.0,0.9216589861751152,0.1128,False,-1
10005050604,Census Tract 506.04; Sussex County; Delaware,4657,814,17.479063774962423,62688.0,19.690788060983465,False,23.386600722807177,0,0.0,0.0,0.3288,False,-1
10005050603,Census Tract 506.03; Sussex County; Delaware,3124,601,19.238156209987196,68571.0,5.02267178235089,False,21.954014490466033,0,0.0,0.0,0.2734,False,-1
10005050804,Census Tract 508.04; Sussex County; Delaware,4125,219,5.3090909090909095,101111.0,9.788166544923302,False,10.279551678912838,0,2.2311849391219445,0.0,0.1939,False,-1
10005051015,Census Tract 510.15; Sussex County; Delaware,1956,70,3.5787321063394684,112708.0,4.703476482617587,False,3.2296789711303346,4,91.32424004516993,2.044989775051125,0.0795,False,-1
10005050808,Census Tract 508.08; Sussex County; Delaware,3913,35,0.8944543828264758,77608.0,7.027855865065168,False,5.688634470660493,0,22.74724690040049,0.0,0.1488,False,-1
10005051012,Census Tract 510.12; Sussex County; Delaware,2322,62,2.670111972437554,83866.0,11.024978466838933,False,6.514185821361875,0,2.8679126428227,0.0,0.1749,False,-1
10005051014,Census Tract 510.14; Sussex County; Delaware,2010,11,0.5472636815920399,82543.0,3.9303482587064673,False,6.751111676724852,0,2.768772232769235,0.0,0.1386,False,-1
10005050709,Census Tract 507.09; Sussex County; Delaware,1524,7,0.45931758530183725,93625.0,2.493438320209974,False,9.259089100758167,0,0.0,0.0,0.1409,False,-1
10005051203,Census Tract 512.03; Sussex County; Delaware,848,0,0.0,100833.0,4.009433962264151,False,21.120952830150095,0,0.0,0.0,0.1847,False,-1
10005050407,Census Tract 504.07; Sussex County; Delaware,5916,1552,26.23394185260311,50694.0,28.89455782312925,False,4.033891253377379,1,56.84353227602509,0.16903313049357674,0.3324,False,-1
10005050104,Census Tract 501.04; Sussex County; Delaware,5014,917,18.28879138412445,58449.0,15.818629462453837,False,29.43487530138416,0,0.0,0.0,0.3371,False,-1
10005050503,Census Tract 505.03; Sussex County; Delaware,6104,676,11.07470511140236,45844.0,22.082018927444793,False,19.057292812391253,0,0.0,0.0,0.2965,False,-1
10005050706,Census Tract 507.06; Sussex County; Delaware,1742,27,1.5499425947187142,86250.0,5.455600696459664,False,11.725554331290791,0,0.0,0.0,0.1656,False,-1
10005051205,Census Tract 512.05; Sussex County; Delaware,666,0,0.0,101071.0,2.2522522522522523,False,27.165440711373023,0,0.0,0.0,0.198,False,-1
10005051010,Census Tract 510.10; Sussex County; Delaware,3033,48,1.582591493570722,77379.0,11.770524233432244,False,2.696874094618126,4,96.92407855504712,1.3188262446422685,0.1197,False,-1
10005050505,Census Tract 505.05; Sussex County; Delaware,2608,603,23.12116564417178,76905.0,0.13315579227696406,False,18.93959117452693,0,0.0,0.0,0.2604,False,-1
10003014906,Census Tract 149.06; New Castle County; Delaware,5314,3125,58.806925103500184,54961.0,18.44185171245766,False,4.061273943790064,6,96.3733469267445,1.1290929619872037,0.4,True,1
10003014810,Census Tract 148.10; New Castle County; Delaware,7029,1911,27.187366623986343,103226.0,6.217690982194141,False,12.077230837440561,0,0.0,0.0,0.2788,False,-1
10003013903,Census Tract 139.03; New Castle County; Delaware,5359,1468,27.393170367605897,121932.0,4.273185295764135,False,5.2539877919078375,0,34.57790568857719,0.0,0.2492,False,-1
10003014908,Census Tract 149.08; New Castle County; Delaware,2637,1824,69.16951080773607,34453.0,17.785362153962836,True,2.7349228750352492,6,100.0,2.2753128555176336,0.5516,True,1
10003016806,Census Tract 168.06; New Castle County; Delaware,5508,1880,34.13217138707335,127151.0,5.876984851250229,False,28.928822819240693,0,0.0,0.0,0.3635,False,-1
10003016805,Census Tract 168.05; New Castle County; Delaware,1757,22,1.2521343198634036,101250.0,7.114399544678429,False,24.609873934876152,0,0.0,0.0,0.214,False,-1
10003016306,Census Tract 163.06; New Castle County; Delaware,4485,1974,44.013377926421406,113212.0,8.747423860773987,False,4.091261066192413,6,86.05223667881023,1.3377926421404682,0.2923,False,-1
10003016309,Census Tract 163.09; New Castle County; Delaware,3574,1876,52.49020705092333,61659.0,7.750419697817572,False,4.587324016237582,1,61.496062307970945,0.2797985450475658,0.3588,True,1
10003016613,Census Tract 166.13; New Castle County; Delaware,5682,2333,41.059486096444914,93529.0,4.822245688137979,False,24.215845486434578,0,0.0,0.0,0.373,False,-1
10003016807,Census Tract 168.07; New Castle County; Delaware,1615,89,5.510835913312693,171250.0,0.0,False,26.235959085797187,0,0.0,0.0,0.2094,False,-1
10003014814,Census Tract 148.14; New Castle County; Delaware,4072,1009,24.778978388998034,109244.0,3.2907662082514735,False,7.919188116461374,0,0.0,0.0,0.2431,False,-1
10003016614,Census Tract 166.14; New Castle County; Delaware,6953,1408,20.250251689918024,129176.0,1.0158350761876307,False,24.505229195066825,0,0.0,0.0,0.2704,False,-1
10003001902,Census Tract 19.02; New Castle County; Delaware,2123,1367,64.39001413094677,63560.0,30.19312293923693,False,4.965427143874734,1,50.57895338123354,0.4710315591144607,0.4936,True,1
10005051011,Census Tract 510.11; Sussex County; Delaware,3691,213,5.770793822812246,97188.0,8.994852343538337,False,3.2897780395284513,3,85.73828701388655,0.812787862367922,0.1441,False,-1
10005051502,Census Tract 515.02; Sussex County; Delaware,3583,453,12.643036561540608,89261.0,5.976430976430977,False,25.027363864873998,0,0.0,0.0,0.2594,False,-1
10005050903,Census Tract 509.03; Sussex County; Delaware,1856,22,1.1853448275862069,102862.0,1.8474374255065553,False,4.545799964564187,2,67.52990872339399,1.0775862068965516,0.0923,False,-1
10005050506,Census Tract 505.06; Sussex County; Delaware,3331,222,6.66466526568598,73011.0,6.4545181627139,False,17.96257344558455,0,0.0,0.0,0.2122,False,-1
10005050807,Census Tract 508.07; Sussex County; Delaware,1734,240,13.84083044982699,54375.0,23.64475201845444,False,7.430259044317781,0,0.0,0.0,0.2755,False,-1
10005050805,Census Tract 508.05; Sussex County; Delaware,3595,125,3.477051460361613,92537.0,9.5703125,False,16.01762330825836,0,0.0,0.0,0.2044,False,-1
10005051013,Census Tract 510.13; Sussex County; Delaware,4117,109,2.647558902113189,91763.0,5.97812879708384,False,8.164158815107683,0,0.003951105945849588,0.0,0.1604,False,-1
10005051008,Census Tract 510.08; Sussex County; Delaware,4288,594,13.852611940298507,108201.0,3.0083955223880596,False,1.0841142331072087,4,99.99999999999996,0.9328358208955224,0.1437,False,-1
10003002800,Census Tract 28; New Castle County; Delaware,2142,895,41.78338001867414,44808.0,26.188212927756656,False,3.0665039262343687,1,100.0,0.4668534080298786,0.3754,True,1
10003010104,Census Tract 101.04; New Castle County; Delaware,3928,1288,32.79022403258656,55687.0,12.729124236252545,False,7.33504300904275,0,2.2481603852514267,0.0,0.3126,True,2
10003016904,Census Tract 169.04; New Castle County; Delaware,3512,1264,35.99088838268793,89063.0,8.50178359096314,False,21.275648604078953,0,0.0,0.0,0.3562,False,-1
10003016612,Census Tract 166.12; New Castle County; Delaware,6655,1229,18.467317806160782,162532.0,3.8345864661654137,False,21.071325926262222,0,0.0,0.0,0.2624,False,-1
10003016808,Census Tract 168.08; New Castle County; Delaware,7031,1590,22.6141373915517,126757.0,5.2159042325780245,False,27.46452035467834,0,0.0,0.0,0.307,False,-1
10003016610,Census Tract 166.10; New Castle County; Delaware,6890,2095,30.406386066763424,78576.0,10.77286833160928,False,26.40610747347452,0,0.0,0.0,0.3586,False,-1
10003014811,Census Tract 148.11; New Castle County; Delaware,6859,1189,17.334888467706662,143252.0,2.9536481941804356,False,13.70438437943653,0,0.0,0.0,0.2295,False,-1
10003014812,Census Tract 148.12; New Castle County; Delaware,4765,1293,27.13536201469045,123526.0,3.756558237145855,False,10.389982324974593,0,0.0,0.0,0.2632,False,-1
10003013906,Census Tract 139.06; New Castle County; Delaware,4503,1284,28.5143237841439,107250.0,0.7659382743861229,False,3.0434074067627424,6,99.99999999999997,1.3324450366422385,0.1914,False,-1
10003013905,Census Tract 139.05; New Castle County; Delaware,3857,1374,35.62354161265232,102614.0,5.248116393868537,False,3.4436274399099385,6,100.0,1.55561317085818,0.2338,False,-1
10003010105,Census Tract 101.05; New Castle County; Delaware,2499,889,35.57422969187675,74688.0,15.418502202643172,False,7.892864821999518,0,0.0,0.0,0.3369,True,2
10003010703,Census Tract 107.03; New Castle County; Delaware,1861,724,38.90381515314347,82917.0,35.094339622641506,False,1.4551364005520446,1,100.0,0.5373455131649651,0.3908,True,1
10003014301,Census Tract 143.01; New Castle County; Delaware,1675,74,4.417910447761194,137294.0,0.0,False,4.57260036947166,1,59.96701573875084,0.5970149253731344,0.1137,False,-1
10003010106,Census Tract 101.06; New Castle County; Delaware,1709,903,52.83791691047396,45996.0,9.596255119953188,False,7.404592719197825,0,0.0,0.0,0.3857,True,2
10003016307,Census Tract 163.07; New Castle County; Delaware,2457,915,37.24053724053724,108393.0,3.2666394446712945,False,5.925194005679803,0,15.125648351637274,0.0,0.2893,False,-1
10003016609,Census Tract 166.09; New Castle County; Delaware,4777,495,10.362151978229015,181944.0,5.924220221896588,False,19.913985863892407,0,0.0,0.0,0.2324,False,-1
10003016611,Census Tract 166.11; New Castle County; Delaware,8349,2390,28.626182776380404,136369.0,2.2655682093530407,False,16.5049607689185,0,0.0,0.0,0.2842,False,-1
10003016308,Census Tract 163.08; New Castle County; Delaware,4169,2513,60.27824418325738,57446.0,13.528424082513792,False,6.351047657623999,0,12.916014196273796,0.0,0.4294,True,1
10003014813,Census Tract 148.13; New Castle County; Delaware,5887,1032,17.53015118056735,91306.0,5.663928815879535,False,5.894162449747115,0,14.999310205503432,0.0,0.2149,False,-1
10003013507,Census Tract 135.07; New Castle County; Delaware,1642,38,2.3142509135200973,121094.0,4.689403166869671,False,5.370861391304243,0,24.19319673681818,0.0,0.1445,False,-1
10003013508,Census Tract 135.08; New Castle County; Delaware,6063,73,1.2040244103579087,182596.0,1.896750783440541,False,7.36629789410712,0,0.0,0.0,0.1354,False,-1
10003014302,Census Tract 143.02; New Castle County; Delaware,5319,509,9.569467945102463,102292.0,8.933002481389577,False,3.1386826705886666,1,99.93121902228383,0.18800526414739613,0.1789,False,-1
10003010704,Census Tract 107.04; New Castle County; Delaware,3881,2180,56.171089925276995,63750.0,18.139654728162842,False,1.6310333062466815,1,100.0,0.2576655501159495,0.4064,True,1
10003014000,Census Tract 140; New Castle County; Delaware,4743,1534,32.34239932532152,58264.0,20.915032679738562,False,3.4944409503855036,7,99.99999999999974,1.4758591608686487,0.2845,False,-1
10003015100,Census Tract 151; New Castle County; Delaware,3483,755,21.676715475165086,61417.0,11.972437553832902,False,5.887980361716342,0,0.0,0.0,0.2574,False,-1
10003015400,Census Tract 154; New Castle County; Delaware,2814,2274,80.81023454157783,56870.0,14.854299928926796,False,6.158830756445282,0,2.657859199726655,0.0,0.5213,True,1
10003015600,Census Tract 156; New Castle County; Delaware,2424,1366,56.353135313531354,62000.0,6.3201663201663205,False,7.762114869764056,0,0.0,0.0,0.3889,True,1
10003015900,Census Tract 159; New Castle County; Delaware,3363,1209,35.95004460303301,69107.0,9.336901575973833,False,7.6389096696855034,0,0.0,0.0,0.3136,True,1
10003016000,Census Tract 160; New Castle County; Delaware,2813,1132,40.24173480270174,65234.0,15.78386064699609,False,6.7579432964874595,0,0.0,0.0,0.3544,True,1
10003016100,Census Tract 161; New Castle County; Delaware,2105,533,25.320665083135392,73997.0,4.608076009501188,False,7.569395220005023,0,0.0,0.0,0.2494,False,-1
10003016200,Census Tract 162; New Castle County; Delaware,2664,691,25.93843843843844,98585.0,5.33033033033033,False,5.940185896680295,0,14.688233383477298,0.0,0.2495,False,-1
10003000300,Census Tract 3; New Castle County; Delaware,3616,2647,73.20243362831859,55433.0,29.258849557522126,False,1.5683454825885357,1,100.0,0.27654867256637167,0.5221,True,1
10003016301,Census Tract 163.01; New Castle County; Delaware,7042,2236,31.752343084351036,87568.0,8.285876993166287,False,7.052340905030938,0,1.8886559817122832,0.0,0.2896,False,-1
10003014100,Census Tract 141; New Castle County; Delaware,4857,829,17.06814906320774,57900.0,12.968717629997927,False,2.037724606123345,1,100.0,0.20588840848260243,0.2225,False,-1
10003014200,Census Tract 142; New Castle County; Delaware,1679,122,7.266229898749256,75577.0,3.9904705181655746,False,1.148443808796086,1,99.99999999999993,0.5955926146515784,0.1302,False,-1
10003014403,Census Tract 144.03; New Castle County; Delaware,3748,804,21.451440768409817,87813.0,18.085991678224687,False,2.9194681933480666,1,99.99999999999997,0.2668089647812167,0.2625,False,-1
10003014501,Census Tract 145.01; New Castle County; Delaware,2001,185,9.245377311344328,22731.0,61.81909045477262,True,1.0690830701564007,1,99.99999999999997,0.49975012493753124,0.5203,True,1
10003014702,Census Tract 147.02; New Castle County; Delaware,1981,382,19.28319030792529,101810.0,13.225643614336194,False,3.3130192645949603,1,100.0,0.5047955577990914,0.228,False,-1
10003014703,Census Tract 147.03; New Castle County; Delaware,5241,1108,21.141003625262357,63782.0,10.360618202633086,False,1.641004822148298,1,100.0,0.19080328181644723,0.2287,False,-1
10003014808,Census Tract 148.08; New Castle County; Delaware,6446,2543,39.450822215327335,81688.0,3.537077257213776,False,6.683717980377958,0,4.760349998614349,0.0,0.3023,False,-1
10003011400,Census Tract 114; New Castle County; Delaware,3378,158,4.677323860272351,150081.0,1.5625,False,2.670176894699868,7,99.99999999999987,2.0722320899940794,0.069,False,-1
10003012500,Census Tract 125; New Castle County; Delaware,5243,1379,26.301735647530037,70725.0,9.059698645813466,False,5.482954555176021,0,27.599361103830038,0.0,0.2642,False,-1
10003012300,Census Tract 123; New Castle County; Delaware,3143,367,11.67674196627426,70238.0,26.709265175718848,False,5.381355948371816,0,26.087298344940514,0.0,0.2715,False,-1
10003011500,Census Tract 115; New Castle County; Delaware,3086,194,6.286454957874271,108295.0,2.9879831113998048,False,1.5220087784846468,7,100.0,2.268308489954634,0.0716,False,-1
10003011600,Census Tract 116; New Castle County; Delaware,3295,225,6.828528072837632,114423.0,2.4891101431238334,False,2.902732411702077,7,100.0,2.1244309559939305,0.081,False,-1
10005051103,Census Tract 511.03; Sussex County; Delaware,1153,7,0.6071118820468344,98750.0,10.407632263660018,False,7.706784988792791,0,20.631471918074272,0.0,0.1677,False,-1
10005050405,Census Tract 504.05; Sussex County; Delaware,4917,938,19.076672767947937,60628.0,9.390444810543658,False,3.223401648215161,1,93.26939907520622,0.20337604230221681,0.2209,False,-1
10005050105,Census Tract 501.05; Sussex County; Delaware,5956,1697,28.49227669576897,62438.0,11.282740094022834,False,25.769839669138374,0,0.0,0.0,0.3503,False,-1
10005050406,Census Tract 504.06; Sussex County; Delaware,4987,1995,40.00401042711049,51842.0,27.75190516511431,False,1.4791118139028445,1,100.0,0.20052135552436334,0.3769,False,-1
10003013608,Census Tract 136.08; New Castle County; Delaware,2166,164,7.571560480147737,78269.0,13.657407407407407,False,3.790714323769062,7,100.0,3.2317636195752537,0.0971,False,-1
10001040100,Census Tract 401; Kent County; Delaware,7343,518,7.0543374642516685,76330.0,13.622079519059982,False,15.092429617179794,0,0.0,0.0,0.2326,False,-1
10001040201,Census Tract 402.01; Kent County; Delaware,5132,1513,29.481683554169912,81202.0,5.146336672559419,False,14.76394139627231,0,0.0,0.0,0.2934,False,-1
10001041500,Census Tract 415; Kent County; Delaware,4491,1397,31.106657759964374,51953.0,18.949009129369852,False,5.9008389245047175,0,11.128766082135721,0.0,0.3252,True,0
10001042000,Census Tract 420; Kent County; Delaware,3220,200,6.211180124223603,87862.0,8.75776397515528,False,18.544037805424264,0,0.0,0.0,0.2213,False,-1
10001041200,Census Tract 412; Kent County; Delaware,3809,1128,29.614071934891044,71648.0,15.458422174840086,False,6.16994508133835,0,15.797604027254511,0.0,0.306,False,-1
10001041000,Census Tract 410; Kent County; Delaware,7176,2637,36.747491638795985,60117.0,13.963010024001129,False,5.433958161903232,0,35.43310608837337,0.0,0.3279,True,0
10001041300,Census Tract 413; Kent County; Delaware,2135,775,36.29976580796253,44638.0,28.477751756440284,False,3.7595058942439814,1,98.0369855857094,0.468384074941452,0.3634,True,0
10001041400,Census Tract 414; Kent County; Delaware,3626,1931,53.254274682846116,38768.0,28.534923339011925,True,4.325823843990812,1,76.31812990842367,0.2757859900717044,0.5936,True,0
10003003002,Census Tract 30.02; New Castle County; Delaware,3107,2092,67.33183134856775,41375.0,42.63651406508549,False,2.0337246408431655,1,100.0,0.321853878339234,0.5502,True,1
10003010502,Census Tract 105.02; New Castle County; Delaware,6168,955,15.48313878080415,86250.0,8.59375,False,3.0203835355425763,1,99.96306147898046,0.1621271076523995,0.2031,False,-1
10003013505,Census Tract 135.05; New Castle County; Delaware,3828,73,1.9070010449320793,157857.0,2.74294670846395,False,6.846581249165206,0,0.2629841660761684,0.0,0.14,False,-1
10003013506,Census Tract 135.06; New Castle County; Delaware,4542,144,3.1704095112285335,172303.0,3.104359313077939,False,7.477179083546445,0,0.0,0.0,0.1489,False,-1
10003990100,Census Tract 9901; New Castle County; Delaware,0,0,0.0,,,False,13.444278315839034,0,8.188361106226992,0.0,0.1431,False,-1
10003013614,Census Tract 136.14; New Castle County; Delaware,3437,439,12.772766947919697,80732.0,10.490940970192868,False,1.5117048735555494,7,100.0,2.0366598778004072,0.136,False,-1
10003013615,Census Tract 136.15; New Castle County; Delaware,3851,281,7.2968060244092445,69833.0,4.674110620618022,False,2.9428882881862166,7,99.99999999999989,1.8177096857958972,0.1013,False,-1
10003016404,Census Tract 164.04; New Castle County; Delaware,3109,348,11.193309745899004,82143.0,7.895595432300164,False,10.740236653798851,0,0.0,0.0,0.213,False,-1
10003016608,Census Tract 166.08; New Castle County; Delaware,7177,1339,18.656820398495196,113051.0,2.9486815990927133,False,18.28996503433235,0,0.0,0.0,0.2504,False,-1
10003014809,Census Tract 148.09; New Castle County; Delaware,8575,2027,23.63848396501458,102833.0,9.089837302522989,False,9.815589748446929,0,0.0,0.0,0.2675,False,-1
10001040900,Census Tract 409; Kent County; Delaware,2334,703,30.119965724078835,37072.0,23.846153846153847,True,1.9594286331050454,1,99.99999999999989,0.42844901456726653,0.464,True,0
10001042500,Census Tract 425; Kent County; Delaware,4325,1731,40.02312138728324,40507.0,22.652582159624412,False,30.41639947681674,0,0.0,0.0,0.46,False,-1
10001043000,Census Tract 430; Kent County; Delaware,5602,999,17.832916815423065,70271.0,12.495537308104248,False,28.65187466672278,0,0.0,0.0,0.3194,False,-1
10001040203,Census Tract 402.03; Kent County; Delaware,5415,2128,39.29824561403509,66932.0,16.629464285714285,False,11.858273123313229,0,0.0,0.0,0.3709,False,-1
10001041702,Census Tract 417.02; Kent County; Delaware,4516,1163,25.752878653675822,102389.0,8.385093167701864,False,8.696607181377507,0,0.0,0.0,0.27,False,-1
10001042900,Census Tract 429; Kent County; Delaware,5385,529,9.823584029712164,65362.0,10.061601642710473,False,27.057483567151476,0,0.0,0.0,0.2704,False,-1
10001041701,Census Tract 417.01; Kent County; Delaware,6076,1901,31.287030941408823,62300.0,7.7203445990722335,False,9.087330750892097,0,0.0,0.0,0.2922,False,-1
10001042100,Census Tract 421; Kent County; Delaware,4523,989,21.86601812956003,80981.0,13.744180891154956,False,13.626094190125167,0,0.0,0.0,0.2912,False,-1
10001043100,Census Tract 431; Kent County; Delaware,2260,165,7.300884955752212,79071.0,9.572573463935887,False,26.080525622024766,0,0.0,0.0,0.2544,False,-1
10001040700,Census Tract 407; Kent County; Delaware,5417,1941,35.83164112977663,79125.0,24.91982644784003,False,2.9287684940417553,1,99.99999999999987,0.1846040243677312,0.3533,True,0
10001041600,Census Tract 416; Kent County; Delaware,2345,437,18.635394456289976,78167.0,16.80170575692964,False,6.839857186985789,0,0.0,0.0,0.2668,False,-1
10001041802,Census Tract 418.02; Kent County; Delaware,6847,2065,30.15919380750694,73472.0,4.030962465313276,False,7.958825718156246,0,4.629746414606721,0.0,0.269,False,-1
10001041900,Census Tract 419; Kent County; Delaware,5119,338,6.6028521195546,64706.0,10.965954077593032,False,15.305295290647356,0,0.0,0.0,0.2209,False,-1
10003013901,Census Tract 139.01; New Castle County; Delaware,3089,630,20.394949821948853,66759.0,4.888313370022661,False,3.2853802646305144,7,100.0,2.2661055357720947,0.1451,False,-1
10003012100,Census Tract 121; New Castle County; Delaware,3170,226,7.129337539432176,74417.0,6.260083898031624,False,4.0458949736060665,1,94.7601414040916,0.3154574132492114,0.157,False,-1
10003013300,Census Tract 133; New Castle County; Delaware,1867,27,1.44617032672737,79712.0,2.89234065345474,False,0.5904149735000022,1,99.99999999999997,0.5356186395286556,0.1011,False,-1
10003012600,Census Tract 126; New Castle County; Delaware,2830,67,2.3674911660777385,90080.0,3.0752916224814424,False,3.982269727507028,1,99.00995462756528,0.3533568904593639,0.1228,False,-1
10003013100,Census Tract 131; New Castle County; Delaware,2296,191,8.318815331010452,85985.0,4.05936272370144,False,0.7677835896401964,1,100.0,0.4355400696864111,0.1387,False,-1
10003013200,Census Tract 132; New Castle County; Delaware,2855,736,25.779334500875656,53291.0,24.973730297723293,False,1.0432161035251248,1,100.0,0.3502626970227671,0.2993,False,-1
10003013000,Census Tract 130; New Castle County; Delaware,1947,62,3.184386235233693,91392.0,2.516692347200822,False,1.4092858820577694,6,100.0,3.0816640986132513,0.031,False,-1
10003013400,Census Tract 134; New Castle County; Delaware,2239,107,4.778919160339437,103950.0,7.5147125396106835,False,1.5546599644632666,1,100.0,0.4466279589102278,0.1396,False,-1
10005990000,Census Tract 9900; Sussex County; Delaware,0,0,0.0,,,False,6.272075751806243,0,1.111992396140181,0.0,0.1191,False,-1
